{
	"groups": [
		{
			"keys": "bg_jpg,egret_icon_png,good_png,hero_png,activity_bg_png,house_sheet,house_json,winlost_tex_png,winlost_tex_json,winlost_ske_json,chunli1_json,chunli1_png",
			"name": "preload"
		},
		{
			"keys":"button_down_png,button_up_png,checkbox_select_disabled_png,checkbox_select_down_png,checkbox_select_up_png,checkbox_unselect_png,selected_png,border_png,header_png,thumb_pb_png,track_pb_png,radiobutton_select_disabled_png,radiobutton_select_down_png,radiobutton_select_up_png,radiobutton_unselect_png,roundthumb_png,track_sb_png,thumb_png,track_png,tracklight_png,handle_png,off_png,on_png",
			"name":"eui"
		}
	],
	"resources": [
		{
			"name": "bg_jpg",
			"type": "image",
			"url": "assets/bg.jpg"
		},
		{
			"name": "egret_icon_png",
			"type": "image",
			"url": "assets/egret_icon.png"
		},
		{
			"name": "good_png",
			"type": "image",
			"url": "assets/good.png"
		},
		{
			"name": "activity_bg_png",
			"type": "image",
			"url": "assets/activity_bg.png",
			"discard_alpha": "true"
		},
		{
			"name": "hero_png",
			"type": "image",
			"url": "assets/hero.png"
		},
		{
			"name":"house_sheet",
			"type":"sheet",
			"url":"assets/house.json"
		},
		{
			"name":"house_json",
			"type":"json",
			"url":"assets/house.json"
		},
		{
			"name": "house_png",
			"type": "image",
			"url": "assets/house.png"
		},
		{
			"name":"winlost_tex_png",
			"type":"image",
			"url":"assets/winlost/winlost_tex.png"
		},
		{
			"name":"winlost_tex_json",
			"type":"json",
			"url":"assets/winlost/winlost_tex.json"
		},
		{
			"name":"winlost_ske_json",
			"type":"json",
			"url":"assets/winlost/winlost_ske.json"
		},
		{
			"name":"chunli1_json",
			"type":"json",
			"url":"assets/mc1/chunli1.json"
		},
		{
			"name":"chunli1_png",
			"type":"image",
			"url":"assets/mc1/chunli1.png"
		},
		{
			"name":"chunli2_json",
			"type":"json",
			"url":"assets/mc2/chunli2.json"
		},
		{
			"name":"chunli2_ktx",
			"type":"etc1.ktx",
			"url":"assets/mc2/chunli2.ktx",
			"etc1_alpha_url": "assets/mc2/chunli2_alpha.ktx"
		},
		{
			"name":"button_down_png",
			"type":"image",
			"url":"assets/Button/button_down.png"
		},
		{
			"name":"button_up_png",
			"type":"image",
			"url":"assets/Button/button_up.png"
		},
		{
			"name":"checkbox_select_disabled_png",
			"type":"image",
			"url":"assets/CheckBox/checkbox_select_disabled.png"
		},
		{
			"name":"checkbox_select_down_png",
			"type":"image",
			"url":"assets/CheckBox/checkbox_select_down.png"
		},
		{
			"name":"checkbox_select_up_png",
			"type":"image",
			"url":"assets/CheckBox/checkbox_select_up.png"
		},
		{
			"name":"checkbox_unselect_png",
			"type":"image",
			"url":"assets/CheckBox/checkbox_unselect.png"
		},
		{
			"name":"selected_png",
			"type":"image",
			"url":"assets/ItemRenderer/selected.png"
		},
		{
			"name":"border_png",
			"type":"image",
			"url":"assets/Panel/border.png"
		},
		{
			"name":"header_png",
			"type":"image",
			"url":"assets/Panel/header.png"
		},
		{
			"name":"thumb_pb_png",
			"type":"image",
			"url":"assets/ProgressBar/thumb_pb.png"
		},
		{
			"name":"track_pb_png",
			"type":"image",
			"url":"assets/ProgressBar/track_pb.png"
		},
		{
			"name":"radiobutton_select_disabled_png",
			"type":"image",
			"url":"assets/RadioButton/radiobutton_select_disabled.png"
		},
		{
			"name":"radiobutton_select_down_png",
			"type":"image",
			"url":"assets/RadioButton/radiobutton_select_down.png"
		},
		{
			"name":"radiobutton_select_up_png",
			"type":"image",
			"url":"assets/RadioButton/radiobutton_select_up.png"
		},
		{
			"name":"radiobutton_unselect_png",
			"type":"image",
			"url":"assets/RadioButton/radiobutton_unselect.png"
		},
		{
			"name":"roundthumb_png",
			"type":"image",
			"url":"assets/ScrollBar/roundthumb.png"
		},
		{
			"name":"track_sb_png",
			"type":"image",
			"url":"assets/ScrollBar/track_sb.png"
		},
		{
			"name":"thumb_png",
			"type":"image",
			"url":"assets/Slider/thumb.png"
		},
		{
			"name":"track_png",
			"type":"image",
			"url":"assets/Slider/track.png"
		},
		{
			"name":"tracklight_png",
			"type":"image",
			"url":"assets/Slider/tracklight.png"
		},
		{
			"name":"handle_png",
			"type":"image",
			"url":"assets/ToggleSwitch/handle.png"
		},
		{
			"name":"off_png",
			"type":"image",
			"url":"assets/ToggleSwitch/off.png"
		},
		{
			"name":"on_png",
			"type":"image",
			"url":"assets/ToggleSwitch/on.png"
		},
		{
			"name": "description_json",
			"type": "json",
			"url": "config/description.json"
		}
	]
}