{
	"groups": [
		{
			"keys": "bg_jpg,egret_icon_png,description_json,test_png,test_png_png,test_ktx,test.pvr_ktx,test_alpha_ktx",
			"name": "preload"
		}
	],
	"resources": [
		{
			"url": "assets/bg.jpg",
			"type": "image",
			"name": "bg_jpg"
		},
		{
			"url": "assets/egret_icon.png",
			"type": "image",
			"name": "egret_icon_png"
		},
		{
			"url": "config/description.json",
			"type": "json",
			"name": "description_json"
		},
		{
			"url": "assets/ktx/test.ktx",
			"type": "bin",
			"name": "test_ktx"
		},
		{
			"url": "assets/ktx/test.pvr.ktx",
			"type": "bin",
			"name": "test.pvr_ktx"
		},
		{
			"url": "assets/ktx/test_alpha.ktx",
			"type": "bin",
			"name": "test_alpha_ktx"
		},
		{
			"url": "assets/ktx/test.png",
			"type": "image",
			"name": "test_png"
		},
		{
			"url": "assets/ktx/test_png.png",
			"type": "image",
			"name": "test_png_png"
		}
	]
}