{
	"description": "项目配置文件。",
	"setting": {
		"urlCheck": true,
		"es6": true,
		"postcss": true,
		"minified": true,
		"newFeature": true
	},
	"compileType": "game",
	"libVersion": "2.8.0",
	"appid": "wx7e2186943221985d",
	"projectname": "apiDemo",
	"simulatorType": "wechat",
	"simulatorPluginLibVersion": {},
	"cloudfunctionRoot": "cloudfunction/",
	"condition": {
		"search": {
			"current": -1,
			"list": []
		},
		"conversation": {
			"current": -1,
			"list": []
		},
		"game": {
			"list": [],
			"current": -1
		},
		"miniprogram": {
			"current": -1,
			"list": []
		}
	}
}