{"mc":{
	"test":{
		"frameRate":60,
	"labels":[
		{
			"name":"attack",
			"frame":1
		}
    ],
		"frames":[
			
			{
			"res":"706AA656",
			"x":42,
			"y":13,
			"duration":6
			},
			{
			"res":"E1400844",
			"x":43,
			"y":5,
			"duration":6
			},
			{
			"res":"ACC6CD17",
			"x":7,
			"y":6,
			"duration":6
			},
			{
			"res":"F39EA83A",
			"x":18,
			"y":10,
			"duration":6
			},
			{
			"res":"C73952FA",
			"x":48,
			"y":19,
			"duration":6
			},
			{
			"res":"5747F8D9",
			"x":50,
			"y":19,
			"duration":6
			},
			{
			"res":"7018D8BA",
			"x":50,
			"y":18,
			"duration":6
			},
			{
			"res":"2AF0CA12",
			"x":50,
			"y":18,
			"duration":6
			},
			{
			"res":"44FE3687",
			"x":50,
			"y":18,
			"duration":6
			},
			{
			"res":"BC6AD785",
			"x":50,
			"y":18,
			"duration":6
			},
			{
			"res":"5B702E8A",
			"x":50,
			"y":16,
			"duration":6
			},
			{
			"res":"27199655",
			"x":50,
			"y":18,
			"duration":6
			},
			{
			"res":"3BBA3368",
			"x":50,
			"y":18,
			"duration":6
			},
			{
			"res":"454D5E88",
			"x":46,
			"y":19,
			"duration":6
			},
			{
			"res":"530193FA",
			"x":45,
			"y":16,
			"duration":6
			}
			]
}},
	"res":{
		"706AA656":{"x":1,"y":386,"w":62,"h":68},
		"E1400844":{"x":453,"y":323,"w":44,"h":74},
		"ACC6CD17":{"x":307,"y":323,"w":77,"h":61},
		"F39EA83A":{"x":386,"y":323,"w":65,"h":69},
		"C73952FA":{"x":379,"y":259,"w":93,"h":62},
		"5747F8D9":{"x":379,"y":195,"w":115,"h":62},
		"7018D8BA":{"x":163,"y":260,"w":142,"h":63},
		"2AF0CA12":{"x":1,"y":260,"w":160,"h":63},
		"44FE3687":{"x":208,"y":195,"w":169,"h":63},
		"BC6AD785":{"x":1,"y":195,"w":205,"h":63},
		"5B702E8A":{"x":284,"y":1,"w":221,"h":65},
		"27199655":{"x":253,"y":130,"w":232,"h":63},
		"3BBA3368":{"x":1,"y":130,"w":250,"h":63},
		"454D5E88":{"x":1,"y":67,"w":263,"h":61},
		"530193FA":{"x":1,"y":1,"w":281,"h":64}
	}}