{"file":"house_png","frames":{
"10000":{"x":1,"y":136,"w":96,"h":126,"offX":0,"offY":0,"sourceW":96,"sourceH":126},
"10005":{"x":99,"y":137,"w":74,"h":98,"offX":1,"offY":0,"sourceW":75,"sourceH":98},
"10010":{"x":1,"y":1,"w":153,"h":133,"offX":0,"offY":0,"sourceW":153,"sourceH":133},
"10015":{"x":365,"y":1,"w":111,"h":97,"offX":0,"offY":0,"sourceW":111,"sourceH":97},
"10020":{"x":276,"y":1,"w":87,"h":131,"offX":0,"offY":0,"sourceW":87,"sourceH":131},
"10025":{"x":439,"y":100,"w":65,"h":97,"offX":0,"offY":0,"sourceW":65,"sourceH":97},
"10030":{"x":365,"y":100,"w":72,"h":132,"offX":0,"offY":0,"sourceW":72,"sourceH":132},
"10035":{"x":439,"y":199,"w":54,"h":96,"offX":0,"offY":0,"sourceW":54,"sourceH":96},
"10040":{"x":156,"y":1,"w":118,"h":134,"offX":0,"offY":0,"sourceW":118,"sourceH":134},
"10045":{"x":276,"y":134,"w":86,"h":98,"offX":0,"offY":0,"sourceW":86,"sourceH":98}}}