{"SubTexture":[{"frameWidth":270,"y":232,"frameHeight":164,"height":156,"frameX":-17,"width":248,"name":"afile/chibangL_2","frameY":-4,"x":1},{"frameWidth":220,"y":403,"frameHeight":143,"height":139,"frameX":-6,"width":212,"name":"afile/chibangL_1","frameY":-3,"x":264},{"frameWidth":270,"y":1,"frameHeight":231,"height":229,"frameX":-1,"width":266,"name":"afile/ui_scsc/dakuang","frameY":-1,"x":1},{"frameWidth":409,"y":898,"frameHeight":5,"height":3,"frameX":-2,"width":404,"name":"afile/ui_scsc/fengexian","frameY":-1,"x":1},{"frameWidth":231,"y":232,"frameHeight":170,"height":169,"frameX":-1,"width":228,"name":"afile/chibang01","frameY":-1,"x":251},{"frameWidth":264,"y":403,"frameHeight":144,"height":144,"frameX":-1,"width":261,"name":"afile/heichibang","frameY":0,"x":1},{"frameWidth":86,"y":826,"frameHeight":85,"height":67,"frameX":-9,"width":65,"name":"afile/xingxing","frameY":-8,"x":152},{"x":248,"y":781,"width":64,"name":"afile/v","height":85},{"frameWidth":80,"y":66,"frameHeight":77,"height":77,"frameX":0,"width":79,"name":"afile/s","frameY":0,"x":426},{"frameWidth":93,"y":844,"frameHeight":55,"height":52,"frameX":-19,"width":72,"name":"afile/vs6","frameY":-2,"x":77},{"frameWidth":41,"y":627,"frameHeight":26,"height":25,"frameX":-2,"width":38,"name":"afile/vs7","frameY":-1,"x":296},{"frameWidth":76,"y":781,"frameHeight":46,"height":44,"frameX":0,"width":75,"name":"afile/vs2","frameY":-1,"x":314},{"frameWidth":95,"y":763,"frameHeight":61,"height":61,"frameX":0,"width":94,"name":"afile/vs3","frameY":0,"x":152},{"frameWidth":99,"y":544,"frameHeight":70,"height":69,"frameX":0,"width":99,"name":"afile/vs4","frameY":0,"x":296},{"frameWidth":28,"y":66,"frameHeight":34,"height":33,"frameX":0,"width":27,"name":"afile/vs1","frameY":0,"x":392},{"frameWidth":97,"y":1,"frameHeight":64,"height":63,"frameX":0,"width":97,"name":"afile/vs5","frameY":-1,"x":392},{"frameWidth":295,"y":549,"frameHeight":108,"height":106,"frameX":-2,"width":293,"name":"afile/dao2","frameY":-2,"x":1},{"frameWidth":290,"y":657,"frameHeight":110,"height":104,"frameX":0,"width":290,"name":"afile/dao1","frameY":-5,"x":1},{"frameWidth":123,"y":657,"frameHeight":123,"height":122,"frameX":-1,"width":121,"name":"afile/heiqiu","frameY":0,"x":293},{"frameWidth":123,"y":1,"frameHeight":123,"height":122,"frameX":-1,"width":121,"name":"afile/yuanqiu","frameY":0,"x":269},{"frameWidth":158,"y":208,"frameHeight":22,"height":19,"frameX":0,"width":138,"name":"afile/dianji_qongqi","frameY":-2,"x":269},{"frameWidth":79,"y":125,"frameHeight":81,"height":81,"frameX":-3,"width":76,"name":"afile/blackzi_bai","frameY":0,"x":348},{"frameWidth":78,"y":544,"frameHeight":81,"height":81,"frameX":-1,"width":77,"name":"afile/zi_dou","frameY":0,"x":397},{"frameWidth":75,"y":763,"frameHeight":81,"height":80,"frameX":0,"width":74,"name":"afile/blackzi_shi","frameY":0,"x":1},{"frameWidth":83,"y":709,"frameHeight":81,"height":80,"frameX":-5,"width":75,"name":"afile/zi_sheng","frameY":0,"x":416},{"frameWidth":77,"y":125,"frameHeight":81,"height":80,"frameX":0,"width":77,"name":"afile/blackzi_dou","frameY":0,"x":269},{"frameWidth":73,"y":763,"frameHeight":81,"height":79,"frameX":0,"width":73,"name":"afile/zi_li","frameY":-1,"x":77},{"frameWidth":81,"y":145,"frameHeight":81,"height":80,"frameX":0,"width":76,"name":"afile/blackzi_zhan","frameY":0,"x":426},{"frameWidth":81,"y":627,"frameHeight":81,"height":80,"frameX":0,"width":76,"name":"afile/zi_zhan","frameY":0,"x":416},{"x":409,"y":208,"width":5,"name":"afile/kongbai","height":5}],"width":507,"name":"winlost","imagePath":"winlost_tex.png","height":903}