{"frameRate":24,"name":"winlost","version":"5.5","compatibleVersion":"5.5","armature":[{"type":"Armature","frameRate":24,"name":"anim","aabb":{"x":-283.29,"y":-617.86,"width":556.05,"height":708},"bone":[{"name":"root","transform":{"x":-320.4969,"y":-658.9144}},{"inheritScale":false,"name":"exp_wj","parent":"root","transform":{"x":158.8,"y":420.15}},{"inheritScale":false,"name":"dakuang","parent":"root","transform":{"x":320.7,"y":545.6,"scX":2,"scY":1.3}},{"inheritScale":false,"name":"heitiao","parent":"root","transform":{"x":320.2,"y":473.4,"scX":1.26}},{"inheritScale":false,"name":"fengexian","parent":"root","transform":{"x":320.2,"y":658.4,"scX":1.26}},{"inheritScale":false,"name":"dakuang_0","parent":"root","transform":{"x":320.2,"y":366.4,"scX":1.26}},{"inheritScale":false,"name":"layer_18","parent":"root","transform":{"x":272.05,"y":245.15,"skX":-39.06,"skY":-50.69,"scX":0.79,"scY":1.02}},{"inheritScale":false,"name":"layer_17","parent":"root","transform":{"x":275.75,"y":258.8,"skX":3.46,"skY":3.46,"scX":1.24,"scY":1.24}},{"inheritScale":false,"name":"layer_16","parent":"root","transform":{"x":364.65,"y":258.75,"skX":-6.75,"skY":-6.75,"scX":-1.24,"scY":1.24}},{"inheritScale":false,"name":"layer_15","parent":"root","transform":{"x":295.3,"y":250.8,"skX":24.05,"skY":24.05,"scX":-1}},{"inheritScale":false,"name":"layer_14","parent":"root","transform":{"x":354.3,"y":250.8,"skX":-23.2,"skY":-23.2}},{"inheritScale":false,"name":"layer_13","parent":"root","transform":{"x":403.45,"y":299,"scX":0.37,"scY":0.37}},{"inheritScale":false,"name":"layer_12","parent":"root","transform":{"x":428.9,"y":271.1,"scX":0.5,"scY":0.5}},{"inheritScale":false,"name":"layer_11","parent":"root","transform":{"x":269.95,"y":277.05,"skX":-22.02,"skY":-22.02,"scX":0.59,"scY":0.59}},{"inheritScale":false,"name":"layer_10","parent":"root","transform":{"x":265.45,"y":278.25,"skX":-37.02,"skY":-37.02,"scX":0.73,"scY":0.73}},{"inheritScale":false,"name":"layer_19","parent":"root","transform":{"x":275.75,"y":258.8,"skX":3.46,"skY":3.46,"scX":1.24,"scY":1.24}},{"inheritScale":false,"name":"exp_yx","parent":"root","transform":{"x":490.8,"y":425.75}},{"inheritScale":false,"name":"jinbi","parent":"root","transform":{"x":300.1,"y":395.4}},{"inheritScale":false,"name":"layer_9","parent":"root","transform":{"x":159.7,"y":211.1,"skX":-73.53,"skY":-73.53,"scX":-1}},{"inheritScale":false,"name":"layer_8","parent":"root","transform":{"x":473,"y":207.35,"skX":72.01,"skY":72.01}},{"inheritScale":false,"name":"layer_7","parent":"root","transform":{"x":320.6,"y":243.55,"scX":1.5,"scY":1.5}},{"inheritScale":false,"name":"dianjiguanbi","parent":"root","transform":{"x":324.3,"y":740.65}},{"inheritScale":false,"name":"rongqi_jiangli","parent":"root","transform":{"x":328,"y":584.15,"scX":2,"scY":2}},{"inheritScale":false,"name":"layer_5","parent":"root","transform":{"x":431.7,"y":81.55}},{"inheritScale":false,"name":"layer_4","parent":"root","transform":{"x":360.6,"y":81.55}},{"inheritScale":false,"name":"layer_3","parent":"root","transform":{"x":284.7,"y":81.55}},{"inheritScale":false,"name":"layer_2","parent":"root","transform":{"x":213.5,"y":81.55}},{"inheritScale":false,"name":"rongqi_shuju","parent":"root","transform":{"x":325.05,"y":424.7,"scX":2.61,"scY":2.61}},{"inheritScale":false,"name":"layer_1","parent":"root","transform":{"x":314.15,"y":328.65}}],"slot":[{"name":"layer_19","parent":"layer_19"},{"name":"dakuang","parent":"dakuang"},{"name":"heitiao","parent":"heitiao"},{"name":"fengexian","parent":"fengexian"},{"name":"dakuang_0","parent":"dakuang_0"},{"name":"layer_18","parent":"layer_18"},{"blendMode":"add","name":"layer_17","parent":"layer_17"},{"name":"layer_16","parent":"layer_16"},{"name":"layer_15","parent":"layer_15"},{"blendMode":"add","name":"layer_14","parent":"layer_14"},{"name":"layer_13","parent":"layer_13"},{"name":"layer_12","parent":"layer_12"},{"name":"layer_11","parent":"layer_11"},{"name":"layer_10","parent":"layer_10"},{"name":"exp_wj","parent":"exp_wj"},{"name":"exp_yx","parent":"exp_yx"},{"blendMode":"add","name":"jinbi","parent":"jinbi"},{"name":"layer_9","parent":"layer_9"},{"name":"layer_8","parent":"layer_8"},{"name":"layer_7","parent":"layer_7"},{"name":"dianjiguanbi","parent":"dianjiguanbi"},{"displayIndex":-1,"name":"rongqi_jiangli","parent":"rongqi_jiangli"},{"name":"layer_5","parent":"layer_5"},{"name":"layer_4","parent":"layer_4"},{"name":"layer_3","parent":"layer_3"},{"name":"layer_2","parent":"layer_2"},{"displayIndex":-1,"name":"rongqi_shuju","parent":"rongqi_shuju"},{"name":"layer_1","parent":"layer_1"}],"skin":[{"slot":[{"name":"dakuang_0","display":[{"name":"afile/ui_scsc/fengexian","transform":{"x":1.4}}]},{"name":"layer_2","display":[{"name":"afile/zi_zhan","transform":{"x":0.25}},{"name":"afile/blackzi_zhan","transform":{"x":0.05}}]},{"name":"layer_8","display":[{"name":"afile/dao1","transform":{"x":-96.6,"y":-5.35}},{"name":"afile/dao2","transform":{"x":-93.05,"y":-8.35}}]},{"name":"layer_12","display":[{"name":"afile/xingxing","transform":{"x":2.25,"y":1.95}}]},{"name":"layer_15","display":[{"name":"afile/chibang01","transform":{"x":-92,"y":-23.05}},{"name":"afile/heichibang","transform":{"x":102.05,"y":24.65}}]},{"name":"dakuang","display":[{"name":"afile/ui_scsc/dakuang","transform":{"x":0.45,"y":-24.2}}]},{"name":"layer_5","display":[{"name":"afile/zi_dou","transform":{"x":0.05}},{"name":"afile/blackzi_bai","transform":{"x":0.2}}]},{"name":"exp_yx","display":[{"name":"afile/s","transform":{"x":0.25}}]},{"name":"layer_18","display":[{"name":"afile/chibang01","transform":{"x":-92.05,"y":-23.1}}]},{"name":"layer_7","display":[{"name":"afile/yuanqiu"},{"name":"afile/heiqiu"}]},{"name":"layer_11","display":[{"name":"afile/xingxing","transform":{"x":2.25,"y":1.7}}]},{"name":"layer_14","display":[{"name":"afile/chibangL_1","transform":{"x":-93.5,"y":-19.95}},{"name":"afile/chibangL_2","transform":{"x":-108.1,"y":-19}},{"name":"afile/heichibang","transform":{"x":102.05,"y":24.5}}]},{"name":"heitiao","display":[{"name":"afile/ui_scsc/fengexian","transform":{"x":1.4}}]},{"name":"layer_4","display":[{"name":"afile/zi_sheng","transform":{"x":0.15}},{"name":"afile/blackzi_shi"}]},{"name":"jinbi","display":[{"name":"afile/vs1","transform":{"x":0.35,"y":0.25}},{"name":"afile/vs2","transform":{"x":0.25,"y":0.45}},{"name":"afile/vs3","transform":{"x":0.25}},{"name":"afile/vs4","transform":{"x":0.3,"y":0.25}},{"name":"afile/vs5","transform":{"x":0.4,"y":0.05}},{"name":"afile/vs6","transform":{"x":0.45,"y":0.4}},{"name":"afile/vs7","transform":{"x":0.45,"y":0.4}}]},{"name":"layer_17","display":[{"name":"afile/chibangL_1","transform":{"x":-93.45,"y":-19.95}},{"name":"afile/chibangL_2","transform":{"x":-108.1,"y":-19}}]},{"name":"layer_1","display":[{"name":"afile/kongbai","transform":{"x":0.55,"y":-0.6}}]},{"name":"dianjiguanbi","display":[{"name":"afile/dianji_qongqi","transform":{"x":6.5,"y":-2.6}}]},{"name":"layer_10","display":[{"name":"afile/xingxing","transform":{"x":2.3,"y":1.75}}]},{"name":"layer_13","display":[{"name":"afile/xingxing","transform":{"x":2.25,"y":1.95}}]},{"name":"fengexian","display":[{"name":"afile/ui_scsc/fengexian","transform":{"x":1.4}}]},{"name":"layer_3","display":[{"name":"afile/zi_li","transform":{"x":0.2}},{"name":"afile/blackzi_dou","transform":{"x":0.1}}]},{"name":"layer_9","display":[{"name":"afile/dao1","transform":{"x":-96.8,"y":-5.15}},{"name":"afile/dao2","transform":{"x":-92.9,"y":-8.4}}]},{"name":"layer_16","display":[{"name":"afile/chibangL_1","transform":{"x":-93.5,"y":-19.95}},{"name":"afile/chibangL_2","transform":{"x":-108.1,"y":-19}}]},{"name":"layer_19","display":[{"name":"afile/chibangL_1","transform":{"x":-93.45,"y":-19.95}},{"name":"afile/chibangL_2","transform":{"x":-108.1,"y":-19}}]},{"name":"exp_wj","display":[{"name":"afile/v"}]}]}],"animation":[{"duration":31,"fadeInTime":0.3,"name":"1","bone":[{"name":"layer_19","translateFrame":[{"duration":20,"x":-275.75,"y":-258.8},{"duration":2,"tweenEasing":0},{"x":-1.65,"y":0.45},{"duration":7,"tweenEasing":0,"x":-6.55,"y":1.05},{"x":-5.3,"y":1.7},{"duration":0,"x":-275.75,"y":-258.8}],"rotateFrame":[{"duration":20,"rotate":-3.46},{"duration":2,"tweenEasing":0},{"rotate":10.48},{"duration":7,"tweenEasing":0,"rotate":16.69},{"rotate":14.94},{"duration":0,"rotate":-3.46}],"scaleFrame":[{"duration":20,"x":0.81,"y":0.81},{"duration":2,"tweenEasing":0},{},{"duration":7,"tweenEasing":0,"x":1.25,"y":1.25},{"x":1.25,"y":1.25},{"duration":0,"x":0.81,"y":0.81}]},{"name":"dakuang","translateFrame":[{"duration":15,"x":-320.7,"y":-545.6},{"duration":16}],"scaleFrame":[{"duration":15,"x":0.5,"y":0.77},{"duration":16}]},{"name":"heitiao","translateFrame":[{"duration":15,"x":-320.2,"y":-473.4},{"duration":16}],"scaleFrame":[{"duration":15,"x":0.79},{"duration":16}]},{"name":"fengexian","translateFrame":[{"duration":15,"x":-320.2,"y":-658.4},{"duration":16}],"scaleFrame":[{"duration":15,"x":0.79},{"duration":16}]},{"name":"dakuang_0","translateFrame":[{"duration":15,"x":-320.2,"y":-366.4},{"duration":16}],"scaleFrame":[{"duration":15,"x":0.79},{"duration":16}]},{"name":"layer_18","translateFrame":[{"duration":17,"x":-272.05,"y":-245.15},{"duration":3,"tweenEasing":0},{"duration":11,"y":-0.05}],"rotateFrame":[{"duration":17,"rotate":50.69},{"duration":3,"tweenEasing":0},{"duration":2,"tweenEasing":0,"rotate":47.25},{"duration":6,"tweenEasing":0,"rotate":54.59},{"duration":3,"rotate":50.69}],"scaleFrame":[{"duration":17,"x":1.27,"y":0.98},{"duration":3,"tweenEasing":0},{"duration":11,"x":1.27,"y":0.98}]},{"name":"layer_17","translateFrame":[{"duration":20,"x":-275.75,"y":-258.8},{"duration":2,"tweenEasing":0},{"x":-1.65,"y":0.45},{"duration":7,"tweenEasing":0,"x":-6.55,"y":1.05},{"x":-5.3,"y":1.7},{"duration":0,"x":-275.75,"y":-258.8}],"rotateFrame":[{"duration":20,"rotate":-3.46},{"duration":2,"tweenEasing":0},{"rotate":10.48},{"duration":7,"tweenEasing":0,"rotate":16.69},{"rotate":14.94},{"duration":0,"rotate":-3.46}],"scaleFrame":[{"duration":20,"x":0.81,"y":0.81},{"duration":2,"tweenEasing":0},{},{"duration":7,"tweenEasing":0,"x":1.25,"y":1.25},{"x":1.25,"y":1.25},{"duration":0,"x":0.81,"y":0.81}]},{"name":"layer_16","translateFrame":[{"duration":20,"x":-364.65,"y":-258.75},{"duration":2,"tweenEasing":0},{"x":1.6,"y":-0.5},{"duration":7,"tweenEasing":0,"x":6.5,"y":0.1},{"x":5.25,"y":0.75},{"duration":0,"x":-364.65,"y":-258.75}],"rotateFrame":[{"duration":20,"rotate":6.75},{"duration":2,"tweenEasing":0},{"rotate":-7.19},{"duration":7,"tweenEasing":0,"rotate":-13.4},{"rotate":-11.65},{"duration":0,"rotate":6.75}],"scaleFrame":[{"duration":20,"x":-0.81,"y":0.81},{"duration":2,"tweenEasing":0},{},{"duration":7,"tweenEasing":0,"x":1.25,"y":1.25},{"x":1.25,"y":1.25},{"duration":0,"x":-0.81,"y":0.81}]},{"name":"layer_15","translateFrame":[{"duration":17,"x":-295.3,"y":-250.8},{"duration":3,"tweenEasing":0,"x":73,"y":-6.65},{"duration":11,"x":73,"y":-6.7}],"rotateFrame":[{"duration":17,"rotate":-24.05},{"duration":3,"tweenEasing":0,"rotate":26.64},{"duration":2,"tweenEasing":0,"rotate":-20.61},{"duration":6,"tweenEasing":0,"rotate":-27.95},{"duration":3,"rotate":-24.05}],"scaleFrame":[{"duration":17,"x":-1},{"duration":3,"tweenEasing":0,"x":0.79,"y":1.02},{"duration":11}]},{"name":"layer_14","translateFrame":[{"duration":20,"x":-354.3,"y":-250.8},{"duration":2,"tweenEasing":0,"x":10.35,"y":7.95},{"x":11.95,"y":7.45},{"duration":7,"tweenEasing":0,"x":16.85,"y":8.05},{"x":15.6,"y":8.7},{"duration":0,"x":-354.3,"y":-250.8}],"rotateFrame":[{"duration":20,"rotate":23.2},{"duration":2,"tweenEasing":0,"rotate":16.45},{"rotate":9.26},{"duration":7,"tweenEasing":0,"rotate":3.05},{"rotate":4.8},{"duration":0,"rotate":23.2}],"scaleFrame":[{"duration":20},{"duration":2,"tweenEasing":0,"x":-1.24,"y":1.24},{"x":-1.24,"y":1.24},{"duration":7,"tweenEasing":0,"x":-1.55,"y":1.55},{"x":-1.55,"y":1.55},{"duration":0}]},{"name":"layer_13","translateFrame":[{"duration":17,"x":-403.45,"y":-299},{"duration":6,"tweenEasing":0},{"duration":2,"tweenEasing":0,"x":98.2,"y":43.55},{"duration":6,"x":101.75,"y":46.5}],"rotateFrame":[{"duration":17},{"duration":6,"tweenEasing":0,"clockwise":2},{"duration":2,"tweenEasing":0,"rotate":-21.31},{"duration":6}],"scaleFrame":[{"duration":17,"x":2.7,"y":2.7},{"duration":6,"tweenEasing":0},{"duration":8,"x":1.97,"y":1.97}]},{"name":"layer_12","translateFrame":[{"duration":17,"x":-428.9,"y":-271.1},{"duration":6,"tweenEasing":0},{"duration":2,"tweenEasing":0,"x":97.8,"y":25.5},{"duration":6,"x":108.8,"y":27.5}],"rotateFrame":[{"duration":17},{"duration":6,"tweenEasing":0,"clockwise":2},{"duration":2,"tweenEasing":0,"rotate":-15},{"duration":6}],"scaleFrame":[{"duration":17,"x":2,"y":2},{"duration":6,"tweenEasing":0},{"duration":8,"x":2,"y":2}]},{"name":"layer_11","translateFrame":[{"duration":17,"x":-269.95,"y":-277.05},{"duration":6,"tweenEasing":0},{"duration":2,"tweenEasing":0,"x":-147.95,"y":57.5},{"duration":6,"x":-152.95,"y":57.45}],"rotateFrame":[{"duration":17,"rotate":22.02},{"duration":6,"tweenEasing":0},{"duration":2,"tweenEasing":0},{"duration":6,"rotate":-15}],"scaleFrame":[{"duration":17,"x":1.69,"y":1.69},{"duration":6,"tweenEasing":0},{"duration":8,"x":2,"y":2}]},{"name":"layer_10","translateFrame":[{"duration":17,"x":-265.45,"y":-278.25},{"duration":6,"tweenEasing":0},{"duration":2,"tweenEasing":0,"x":-170.2,"y":-28.05},{"duration":6,"x":-178.45,"y":-30.45}],"rotateFrame":[{"duration":17,"rotate":37.02},{"duration":6,"tweenEasing":0},{"duration":2,"tweenEasing":0,"rotate":15},{"duration":6}],"scaleFrame":[{"duration":17,"x":1.37,"y":1.37},{"duration":6,"tweenEasing":0},{"duration":8,"x":2.01,"y":2.01}]},{"name":"exp_wj","translateFrame":[{"duration":15,"x":-158.8,"y":-420.15},{"duration":3,"tweenEasing":0},{"duration":2,"tweenEasing":0,"x":161},{"duration":11,"x":159}]},{"name":"exp_yx","translateFrame":[{"duration":15,"x":-490.8,"y":-425.75},{"duration":3,"tweenEasing":0},{"duration":2,"tweenEasing":0,"x":-142},{"duration":11,"x":-140}]},{"name":"jinbi","translateFrame":[{"duration":20,"x":-300.1,"y":-395.4},{},{"x":23.85,"y":13.05},{"x":33.35,"y":22.7},{"x":36.25,"y":27.2},{"x":37.4,"y":30.05},{"x":38.5,"y":34.85},{"x":49.75,"y":43.8},{"duration":4,"x":-300.1,"y":-395.4}]},{"name":"layer_9","translateFrame":[{"duration":3,"tweenEasing":0},{"duration":28,"x":107.05,"y":79.95}],"rotateFrame":[{"duration":3,"tweenEasing":0},{"duration":2,"tweenEasing":0,"rotate":36.14},{"duration":26,"rotate":30.18}]},{"name":"layer_8","translateFrame":[{"duration":3,"x":-473,"y":-207.35},{"duration":3,"tweenEasing":0},{"duration":25,"x":-98.9,"y":83.65}],"rotateFrame":[{"duration":3,"rotate":-72.01},{"duration":3,"tweenEasing":0},{"duration":2,"tweenEasing":0,"rotate":-35.15},{"duration":23,"rotate":-28.66}]},{"name":"layer_7","translateFrame":[{"duration":6,"x":-320.6,"y":-243.55},{"duration":25}],"scaleFrame":[{"duration":6,"x":0.67,"y":0.67},{"duration":2,"tweenEasing":0},{"duration":2,"tweenEasing":0,"x":0.6,"y":0.6},{"duration":21,"x":0.67,"y":0.67}]},{"name":"dianjiguanbi","translateFrame":[{"duration":28,"x":-324.3,"y":-740.65},{"duration":3}]},{"name":"rongqi_jiangli","translateFrame":[{"duration":23,"x":-328,"y":-584.15},{"duration":3,"tweenEasing":0},{"duration":2,"tweenEasing":0,"y":-4.6},{"duration":3,"y":-2.5}],"scaleFrame":[{"duration":23,"x":0.5,"y":0.5},{"duration":3,"tweenEasing":0},{"duration":2,"tweenEasing":0,"x":0.47,"y":0.47},{"duration":3,"x":0.5,"y":0.5}]},{"name":"layer_5","translateFrame":[{"duration":8,"x":-431.7,"y":-81.55},{"duration":3,"tweenEasing":0,"x":-181.2,"y":100},{"duration":20,"x":-146.2,"y":168}],"scaleFrame":[{"duration":8},{"duration":3,"tweenEasing":0,"x":2,"y":2},{"duration":2,"tweenEasing":0,"x":0.94,"y":0.94},{"duration":18}]},{"name":"layer_4","translateFrame":[{"duration":9,"x":-360.6,"y":-81.55},{"duration":3,"tweenEasing":0,"x":36,"y":100},{"duration":19,"x":-2.05,"y":168}],"scaleFrame":[{"duration":9},{"duration":3,"tweenEasing":0,"x":2,"y":2},{"duration":2,"tweenEasing":0,"x":0.94,"y":0.94},{"duration":17}]},{"name":"layer_3","translateFrame":[{"duration":10,"x":-284.7,"y":-81.55},{"duration":3,"tweenEasing":0,"x":258.1,"y":100},{"duration":18,"x":146.95,"y":168}],"scaleFrame":[{"duration":10},{"duration":3,"tweenEasing":0,"x":2,"y":2},{"duration":2,"tweenEasing":0,"x":0.94,"y":0.94},{"duration":16}]},{"name":"layer_2","translateFrame":[{"duration":7,"x":-213.5,"y":-81.55},{"duration":3,"tweenEasing":0,"x":-107.5,"y":100},{"duration":21,"x":-0.25,"y":168}],"scaleFrame":[{"duration":7},{"duration":3,"tweenEasing":0,"x":2,"y":2},{"duration":2,"tweenEasing":0,"x":0.94,"y":0.94},{"duration":19}]},{"name":"rongqi_shuju","translateFrame":[{"duration":17,"x":-325.05,"y":-424.7},{"duration":3,"tweenEasing":0},{"duration":11,"x":-0.05,"y":-0.05}],"scaleFrame":[{"duration":17,"x":0.38,"y":0.38},{"duration":3,"tweenEasing":0},{"duration":2,"tweenEasing":0,"x":0.36,"y":0.36},{"duration":9,"x":0.38,"y":0.38}]},{"name":"layer_1","translateFrame":[{"duration":17,"x":-314.15,"y":-328.65},{"duration":14}]}],"slot":[{"name":"layer_19","displayFrame":[{"duration":20,"value":-1},{"duration":3},{"duration":8,"value":1},{"duration":0,"value":-1}],"colorFrame":[{"duration":23},{"duration":7,"tweenEasing":0},{"value":{"aM":20}},{"duration":0}]},{"name":"dakuang","displayFrame":[{"duration":15,"value":-1},{"duration":16}],"colorFrame":[{"duration":15},{"duration":2,"tweenEasing":0,"value":{"aM":5}},{"duration":14}]},{"name":"heitiao","displayFrame":[{"duration":15,"value":-1},{"duration":16}],"colorFrame":[{"duration":15},{"duration":2,"tweenEasing":0,"value":{"aM":7}},{"duration":14}]},{"name":"fengexian","displayFrame":[{"duration":15,"value":-1},{"duration":16}],"colorFrame":[{"duration":15},{"duration":2,"tweenEasing":0,"value":{"aM":5}},{"duration":14}]},{"name":"dakuang_0","displayFrame":[{"duration":15,"value":-1},{"duration":16}],"colorFrame":[{"duration":15},{"duration":2,"tweenEasing":0,"value":{"aM":30}},{"duration":14}]},{"name":"layer_18","displayFrame":[{"duration":17,"value":-1},{"duration":14}]},{"name":"layer_17","displayFrame":[{"duration":20,"value":-1},{"duration":3},{"duration":8,"value":1},{"duration":0,"value":-1}],"colorFrame":[{"duration":23},{"duration":7,"tweenEasing":0},{"value":{"aM":20}},{"duration":0}]},{"name":"layer_16","displayFrame":[{"duration":20,"value":-1},{"duration":3},{"duration":8,"value":1},{"duration":0,"value":-1}],"colorFrame":[{"duration":23},{"duration":7,"tweenEasing":0},{"value":{"aM":20}},{"duration":0}]},{"name":"layer_15","displayFrame":[{"duration":17,"value":-1},{"duration":14}]},{"name":"layer_14","displayFrame":[{"duration":20,"value":-1},{"duration":3},{"duration":8,"value":1},{"duration":0,"value":-1}],"colorFrame":[{"duration":23},{"duration":7,"tweenEasing":0},{"value":{"aM":20}},{"duration":0}]},{"name":"layer_13","displayFrame":[{"duration":17,"value":-1},{"duration":14}]},{"name":"layer_12","displayFrame":[{"duration":17,"value":-1},{"duration":14}]},{"name":"layer_11","displayFrame":[{"duration":17,"value":-1},{"duration":14}]},{"name":"layer_10","displayFrame":[{"duration":17,"value":-1},{"duration":14}]},{"name":"exp_wj","displayFrame":[{"duration":15,"value":-1},{"duration":16}]},{"name":"exp_yx","displayFrame":[{"duration":15,"value":-1},{"duration":16}]},{"name":"jinbi","displayFrame":[{"duration":20,"value":-1},{},{"value":1},{"value":2},{"value":3},{"value":4},{"value":5},{"value":6},{"duration":4,"value":-1}]},{"name":"layer_8","displayFrame":[{"duration":3,"value":-1},{"duration":28}]},{"name":"layer_7","displayFrame":[{"duration":6,"value":-1},{"duration":25}]},{"name":"dianjiguanbi","displayFrame":[{"duration":28,"value":-1},{"duration":3}],"colorFrame":[{"duration":28},{"duration":3,"tweenEasing":0,"value":{"aM":30}},{"duration":0}]},{"name":"rongqi_jiangli","colorFrame":[{"duration":23},{"duration":3,"tweenEasing":0,"value":{"aM":42}},{"duration":5}]},{"name":"layer_5","displayFrame":[{"duration":8,"value":-1},{"duration":23}]},{"name":"layer_4","displayFrame":[{"duration":9,"value":-1},{"duration":22}]},{"name":"layer_3","displayFrame":[{"duration":10,"value":-1},{"duration":21}]},{"name":"layer_2","displayFrame":[{"duration":7,"value":-1},{"duration":24}]},{"name":"layer_1","displayFrame":[{"duration":17,"value":-1},{"duration":14}]}]},{"duration":25,"fadeInTime":0.3,"name":"2","bone":[{"name":"dakuang","translateFrame":[{"duration":9,"x":-320.7,"y":-545.6},{"duration":16}],"scaleFrame":[{"duration":9,"x":0.5,"y":0.77},{"duration":16}]},{"name":"heitiao","translateFrame":[{"duration":9,"x":-320.2,"y":-473.4},{"duration":16}],"scaleFrame":[{"duration":9,"x":0.79},{"duration":16}]},{"name":"fengexian","translateFrame":[{"duration":9,"x":-320.2,"y":-658.4},{"duration":16}],"scaleFrame":[{"duration":9,"x":0.79},{"duration":16}]},{"name":"dakuang_0","translateFrame":[{"duration":9,"x":-320.2,"y":-366.4},{"duration":16}],"scaleFrame":[{"duration":9,"x":0.79},{"duration":16}]},{"name":"layer_15","translateFrame":[{"duration":8,"x":-295.3,"y":-250.8},{"duration":17}],"rotateFrame":[{"duration":8,"rotate":-24.05},{"duration":6,"tweenEasing":0},{"duration":3,"tweenEasing":0,"rotate":-22.75},{"duration":8,"rotate":-26.24}],"scaleFrame":[{"duration":8,"x":-1},{"duration":17}]},{"name":"layer_14","translateFrame":[{"duration":8,"x":-354.3,"y":-250.8},{"duration":17}],"rotateFrame":[{"duration":8,"rotate":23.2},{"duration":6,"tweenEasing":0},{"duration":3,"tweenEasing":0,"rotate":19.2},{"duration":8,"rotate":23.2}]},{"name":"exp_wj","translateFrame":[{"duration":9,"x":-158.8,"y":-420.15},{"duration":3,"tweenEasing":0},{"duration":2,"tweenEasing":0,"x":161},{"duration":11,"x":159}]},{"name":"exp_yx","translateFrame":[{"duration":9,"x":-490.8,"y":-425.75},{"duration":3,"tweenEasing":0},{"duration":2,"tweenEasing":0,"x":-142},{"duration":11,"x":-140}]},{"name":"layer_9","translateFrame":[{"duration":3,"tweenEasing":0,"x":-2.95,"y":-8.25},{"duration":2,"tweenEasing":0,"x":111.15,"y":77.7},{"duration":20,"x":111.1,"y":77.7}],"rotateFrame":[{"duration":3,"tweenEasing":0,"rotate":3.48},{"duration":2,"tweenEasing":0,"rotate":35.88},{"duration":20,"rotate":31.68}]},{"name":"layer_8","translateFrame":[{"duration":3,"x":-473,"y":-207.35},{"duration":3,"tweenEasing":0,"x":5.95,"y":-15.05},{"duration":19,"x":-103.2,"y":80.95}],"rotateFrame":[{"duration":3,"rotate":-72.01},{"duration":3,"tweenEasing":0,"rotate":-6.72},{"duration":2,"tweenEasing":0,"rotate":-32.66},{"duration":17,"rotate":-30.16}]},{"name":"layer_7","translateFrame":[{"duration":6,"x":-320.6,"y":-243.55},{"duration":19}],"scaleFrame":[{"duration":6,"x":0.67,"y":0.67},{"duration":2,"tweenEasing":0},{"duration":2,"tweenEasing":0,"x":0.63,"y":0.63},{"duration":15,"x":0.67,"y":0.67}]},{"name":"dianjiguanbi","translateFrame":[{"duration":22,"x":-324.3,"y":-740.65},{"duration":3}]},{"name":"rongqi_jiangli","translateFrame":[{"duration":17,"x":-328,"y":-584.15},{"duration":3,"tweenEasing":0},{"duration":2,"tweenEasing":0,"y":-4.6},{"duration":3,"y":-2.5}],"scaleFrame":[{"duration":17,"x":0.5,"y":0.5},{"duration":3,"tweenEasing":0},{"duration":2,"tweenEasing":0,"x":0.47,"y":0.47},{"duration":3,"x":0.5,"y":0.5}]},{"name":"layer_5","translateFrame":[{"duration":6,"x":-431.7,"y":-81.55},{"duration":2,"tweenEasing":0},{"duration":3,"tweenEasing":0,"y":67.25},{"duration":14,"y":168}],"rotateFrame":[{"duration":6},{"duration":2,"tweenEasing":0},{"duration":3,"tweenEasing":0,"rotate":-5},{"duration":2,"tweenEasing":0,"rotate":-3},{"duration":12}]},{"name":"layer_4","translateFrame":[{"duration":5,"x":-360.6,"y":-81.55},{"duration":2,"tweenEasing":0},{"duration":3,"tweenEasing":0,"y":67.2},{"duration":15,"y":168}],"rotateFrame":[{"duration":5},{"duration":2,"tweenEasing":0},{"duration":3,"tweenEasing":0,"rotate":5},{"duration":2,"tweenEasing":0,"rotate":3},{"duration":13}]},{"name":"layer_3","translateFrame":[{"duration":4,"x":-284.7,"y":-81.55},{"duration":2,"tweenEasing":0},{"duration":3,"tweenEasing":0,"y":67.2},{"duration":16,"y":168}],"rotateFrame":[{"duration":4},{"duration":2,"tweenEasing":0},{"duration":3,"tweenEasing":0,"rotate":5},{"duration":2,"tweenEasing":0,"rotate":-3},{"duration":14}]},{"name":"layer_2","translateFrame":[{"duration":3,"x":-213.5,"y":-81.55},{"duration":2,"tweenEasing":0},{"duration":3,"tweenEasing":0,"y":67.2},{"duration":17,"y":168}],"rotateFrame":[{"duration":3},{"duration":2,"tweenEasing":0},{"duration":3,"tweenEasing":0,"rotate":-5},{"duration":2,"tweenEasing":0,"rotate":3},{"duration":15}]},{"name":"rongqi_shuju","translateFrame":[{"duration":12,"x":-325.05,"y":-424.7},{"duration":3,"tweenEasing":0},{"duration":10,"x":-0.05,"y":-0.05}],"scaleFrame":[{"duration":12,"x":0.38,"y":0.38},{"duration":3,"tweenEasing":0},{"duration":2,"tweenEasing":0,"x":0.36,"y":0.36},{"duration":8,"x":0.38,"y":0.38}]},{"name":"layer_1","translateFrame":[{"duration":12,"x":-314.15,"y":-328.65},{"duration":13}]}],"slot":[{"name":"dakuang","displayFrame":[{"duration":9,"value":-1},{"duration":16}],"colorFrame":[{"duration":9},{"duration":2,"tweenEasing":0,"value":{"aM":5}},{"duration":14}]},{"name":"heitiao","displayFrame":[{"duration":9,"value":-1},{"duration":16}],"colorFrame":[{"duration":9},{"duration":2,"tweenEasing":0,"value":{"aM":7}},{"duration":14}]},{"name":"fengexian","displayFrame":[{"duration":9,"value":-1},{"duration":16}],"colorFrame":[{"duration":9},{"duration":2,"tweenEasing":0,"value":{"aM":5}},{"duration":14}]},{"name":"dakuang_0","displayFrame":[{"duration":9,"value":-1},{"duration":16}],"colorFrame":[{"duration":9},{"duration":2,"tweenEasing":0,"value":{"aM":30}},{"duration":14}]},{"name":"layer_15","displayFrame":[{"duration":8,"value":-1},{"duration":17,"value":1}]},{"name":"layer_14","displayFrame":[{"duration":8,"value":-1},{"duration":17,"value":2}]},{"name":"exp_wj","displayFrame":[{"duration":9,"value":-1},{"duration":16}]},{"name":"exp_yx","displayFrame":[{"duration":9,"value":-1},{"duration":16}]},{"name":"layer_9","displayFrame":[{"duration":25,"value":1}]},{"name":"layer_8","displayFrame":[{"duration":3,"value":-1},{"duration":22,"value":1}]},{"name":"layer_7","displayFrame":[{"duration":6,"value":-1},{"duration":19,"value":1}]},{"name":"dianjiguanbi","displayFrame":[{"duration":22,"value":-1},{"duration":3}],"colorFrame":[{"duration":22},{"duration":3,"tweenEasing":0,"value":{"aM":30}},{"duration":0}]},{"name":"rongqi_jiangli","colorFrame":[{"duration":17},{"duration":3,"tweenEasing":0,"value":{"aM":42}},{"duration":5}]},{"name":"layer_5","displayFrame":[{"duration":6,"value":-1},{"duration":19,"value":1}]},{"name":"layer_4","displayFrame":[{"duration":5,"value":-1},{"duration":20,"value":1}]},{"name":"layer_3","displayFrame":[{"duration":4,"value":-1},{"duration":21,"value":1}]},{"name":"layer_2","displayFrame":[{"duration":3,"value":-1},{"duration":22,"value":1}]},{"name":"layer_1","displayFrame":[{"duration":12,"value":-1},{"duration":13}]},{"name":"layer_19","displayFrame":[{"duration":25,"value":-1}]},{"name":"layer_18","displayFrame":[{"duration":25,"value":-1}]},{"name":"layer_17","displayFrame":[{"duration":25,"value":-1}]},{"name":"layer_16","displayFrame":[{"duration":25,"value":-1}]},{"name":"layer_13","displayFrame":[{"duration":25,"value":-1}]},{"name":"layer_12","displayFrame":[{"duration":25,"value":-1}]},{"name":"layer_11","displayFrame":[{"duration":25,"value":-1}]},{"name":"layer_10","displayFrame":[{"duration":25,"value":-1}]},{"name":"jinbi","displayFrame":[{"duration":25,"value":-1}]}]}],"defaultActions":[{"gotoAndPlay":"1"}]}]}