{
	"groups": [
		{
			"keys": "btnEquip_png,btnReturn_png,btnStrengthen_png,mbtn_Bg_png,mbtn_BgFc_png,mbtnAbout_png,mbtnGoods_png,mbtnHero_png,mbtnPlayer_png,profileContent_png,profileTitle_png,skillBg_png,skillIcon01_png,skillIcon02_png,skillIcon03_png,skillIcon04_png,skillIcon05_png,skillIcon06_png,skillIcon07_png,skillItemFrame_png,commonBg_jpg,homeBg_jpg,gameEui_json",
			"name": "preload"
		},
		{
			"keys": "bgListPage_jpg,btnOK_png,checked_png,checkNo_png,goods01_png,goods02_png,goods03_png,goods04_png,goods05_png,goods06_png,goods07_png,goodsTitle_png,heros01_png,heros02_png,heros03_png,heros04_png,heros05_png,heros06_png,heros07_png,herosTitle_png,hScrollBar01_png,hScrollBar02_png,listItemBkgd_png",
			"name": "hreros_goods"
		},
		{
			"keys": "loading_jpg,loading2_png,toast-bg_png",
			"name": "loading"
		}
	],
	"resources": [
		{
			"url": "assets/CheckBox/checkbox_select_disabled.png",
			"type": "image",
			"name": "checkbox_select_disabled_png"
		},
		{
			"url": "assets/CheckBox/checkbox_select_down.png",
			"type": "image",
			"name": "checkbox_select_down_png"
		},
		{
			"url": "assets/CheckBox/checkbox_select_up.png",
			"type": "image",
			"name": "checkbox_select_up_png"
		},
		{
			"url": "assets/CheckBox/checkbox_unselect.png",
			"type": "image",
			"name": "checkbox_unselect_png"
		},
		{
			"url": "assets/ItemRenderer/selected.png",
			"type": "image",
			"name": "selected_png"
		},
		{
			"url": "assets/Panel/border.png",
			"type": "image",
			"name": "border_png"
		},
		{
			"url": "assets/Panel/header.png",
			"type": "image",
			"name": "header_png"
		},
		{
			"url": "assets/RadioButton/radiobutton_select_disabled.png",
			"type": "image",
			"name": "radiobutton_select_disabled_png"
		},
		{
			"url": "assets/RadioButton/radiobutton_select_down.png",
			"type": "image",
			"name": "radiobutton_select_down_png"
		},
		{
			"url": "assets/RadioButton/radiobutton_select_up.png",
			"type": "image",
			"name": "radiobutton_select_up_png"
		},
		{
			"url": "assets/RadioButton/radiobutton_unselect.png",
			"type": "image",
			"name": "radiobutton_unselect_png"
		},
		{
			"url": "assets/ScrollBar/roundthumb.png",
			"type": "image",
			"name": "roundthumb_png"
		},
		{
			"url": "assets/Slider/thumb.png",
			"type": "image",
			"name": "thumb_png"
		},
		{
			"url": "assets/Slider/track.png",
			"type": "image",
			"name": "track_png"
		},
		{
			"url": "assets/Slider/tracklight.png",
			"type": "image",
			"name": "tracklight_png"
		},
		{
			"url": "assets/ToggleSwitch/handle.png",
			"type": "image",
			"name": "handle_png"
		},
		{
			"url": "assets/ToggleSwitch/off.png",
			"type": "image",
			"name": "off_png"
		},
		{
			"url": "assets/ToggleSwitch/on.png",
			"type": "image",
			"name": "on_png"
		},
		{
			"url": "assets/Button/button_down.png",
			"type": "image",
			"name": "button_down_png"
		},
		{
			"url": "assets/Button/button_up.png",
			"type": "image",
			"name": "button_up_png"
		},
		{
			"url": "assets/ProgressBar/thumb_pb.png",
			"type": "image",
			"name": "thumb_pb_png"
		},
		{
			"url": "assets/ProgressBar/track_pb.png",
			"type": "image",
			"name": "track_pb_png"
		},
		{
			"url": "assets/ScrollBar/track_sb.png",
			"type": "image",
			"name": "track_sb_png"
		},
		{
			"url": "assets/bg.jpg",
			"type": "image",
			"name": "bg_jpg"
		},
		{
			"url": "assets/egret_icon.png",
			"type": "image",
			"name": "egret_icon_png"
		},
		{
			"url": "config/description.json",
			"type": "json",
			"name": "description_json"
		},
		{
			"url": "art/about/about-bg.png",
			"type": "image",
			"name": "about-bg_png"
		},
		{
			"url": "art/about/about.png",
			"type": "image",
			"name": "about_png"
		},
		{
			"url": "art/about/close.png",
			"type": "image",
			"name": "close_png"
		},
		{
			"url": "art/heros_goods/bgListPage.jpg",
			"type": "image",
			"name": "bgListPage_jpg"
		},
		{
			"url": "art/heros_goods/btnOK.png",
			"type": "image",
			"name": "btnOK_png"
		},
		{
			"url": "art/heros_goods/checkNo.png",
			"type": "image",
			"name": "checkNo_png"
		},
		{
			"url": "art/heros_goods/checked.png",
			"type": "image",
			"name": "checked_png"
		},
		{
			"url": "art/heros_goods/goods01.png",
			"type": "image",
			"name": "goods01_png"
		},
		{
			"url": "art/heros_goods/goods02.png",
			"type": "image",
			"name": "goods02_png"
		},
		{
			"url": "art/heros_goods/goods03.png",
			"type": "image",
			"name": "goods03_png"
		},
		{
			"url": "art/heros_goods/goods04.png",
			"type": "image",
			"name": "goods04_png"
		},
		{
			"url": "art/heros_goods/goods05.png",
			"type": "image",
			"name": "goods05_png"
		},
		{
			"url": "art/heros_goods/goods06.png",
			"type": "image",
			"name": "goods06_png"
		},
		{
			"url": "art/heros_goods/goods07.png",
			"type": "image",
			"name": "goods07_png"
		},
		{
			"url": "art/heros_goods/goodsTitle.png",
			"type": "image",
			"name": "goodsTitle_png"
		},
		{
			"url": "art/heros_goods/hScrollBar01.png",
			"type": "image",
			"name": "hScrollBar01_png"
		},
		{
			"url": "art/heros_goods/hScrollBar02.png",
			"type": "image",
			"name": "hScrollBar02_png"
		},
		{
			"url": "art/heros_goods/heros01.png",
			"type": "image",
			"name": "heros01_png"
		},
		{
			"url": "art/heros_goods/heros02.png",
			"type": "image",
			"name": "heros02_png"
		},
		{
			"url": "art/heros_goods/heros03.png",
			"type": "image",
			"name": "heros03_png"
		},
		{
			"url": "art/heros_goods/heros04.png",
			"type": "image",
			"name": "heros04_png"
		},
		{
			"url": "art/heros_goods/heros05.png",
			"type": "image",
			"name": "heros05_png"
		},
		{
			"url": "art/heros_goods/heros06.png",
			"type": "image",
			"name": "heros06_png"
		},
		{
			"url": "art/heros_goods/heros07.png",
			"type": "image",
			"name": "heros07_png"
		},
		{
			"url": "art/heros_goods/herosTitle.png",
			"type": "image",
			"name": "herosTitle_png"
		},
		{
			"url": "art/heros_goods/listItemBkgd.png",
			"type": "image",
			"name": "listItemBkgd_png"
		},
		{
			"url": "art/home/commonBg.jpg",
			"type": "image",
			"name": "commonBg_jpg"
		},
		{
			"url": "art/home/homeBg.jpg",
			"type": "image",
			"name": "homeBg_jpg"
		},
		{
			"url": "art/loading/loading.jpg",
			"type": "image",
			"name": "loading_jpg"
		},
		{
			"url": "art/loading/loading2.png",
			"type": "image",
			"name": "loading2_png"
		},
		{
			"url": "art/loading/toast-bg.png",
			"type": "image",
			"name": "toast-bg_png"
		},
		{
			"url": "art/profile/btnEquip.png",
			"type": "image",
			"name": "btnEquip_png"
		},
		{
			"url": "art/profile/btnReturn.png",
			"type": "image",
			"name": "btnReturn_png"
		},
		{
			"url": "art/profile/btnStrengthen.png",
			"type": "image",
			"name": "btnStrengthen_png"
		},
		{
			"url": "art/profile/mbtnAbout.png",
			"type": "image",
			"name": "mbtnAbout_png"
		},
		{
			"url": "art/profile/mbtnGoods.png",
			"type": "image",
			"name": "mbtnGoods_png"
		},
		{
			"url": "art/profile/mbtnHero.png",
			"type": "image",
			"name": "mbtnHero_png"
		},
		{
			"url": "art/profile/mbtnPlayer.png",
			"type": "image",
			"name": "mbtnPlayer_png"
		},
		{
			"url": "art/profile/mbtn_Bg.png",
			"type": "image",
			"name": "mbtn_Bg_png"
		},
		{
			"url": "art/profile/mbtn_BgFc.png",
			"type": "image",
			"name": "mbtn_BgFc_png"
		},
		{
			"url": "art/profile/profileContent.png",
			"type": "image",
			"name": "profileContent_png"
		},
		{
			"url": "art/profile/profileTitle.png",
			"type": "image",
			"name": "profileTitle_png"
		},
		{
			"url": "art/profile/skillBg.png",
			"type": "image",
			"name": "skillBg_png"
		},
		{
			"url": "art/profile/skillIcon01.png",
			"type": "image",
			"name": "skillIcon01_png"
		},
		{
			"url": "art/profile/skillIcon02.png",
			"type": "image",
			"name": "skillIcon02_png"
		},
		{
			"url": "art/profile/skillIcon03.png",
			"type": "image",
			"name": "skillIcon03_png"
		},
		{
			"url": "art/profile/skillIcon04.png",
			"type": "image",
			"name": "skillIcon04_png"
		},
		{
			"url": "art/profile/skillIcon05.png",
			"type": "image",
			"name": "skillIcon05_png"
		},
		{
			"url": "art/profile/skillIcon06.png",
			"type": "image",
			"name": "skillIcon06_png"
		},
		{
			"url": "art/profile/skillIcon07.png",
			"type": "image",
			"name": "skillIcon07_png"
		},
		{
			"url": "art/profile/skillItemFrame.png",
			"type": "image",
			"name": "skillItemFrame_png"
		},
		{
			"name": "gameEui_json",
			"type": "json",
			"url": "gameEui.json"
		}
	]
}